feature_set,seasons_tested,avg_accuracy,avg_log_loss,avg_brier,worst_log_loss,best_log_loss
team_only,2,0.5585754878415197,0.6816183967013286,0.24430253200047902,0.6821386272978898,0.6810981661047675
team_plus_bullpen,2,0.5532219650936685,0.682074823611043,0.2445253433531987,0.682769935381171,0.681379711840915
bullpen_only,2,0.5569278718233752,0.6823300866614812,0.24465101519536864,0.6841860753405408,0.6804740979824218
team_plus_starter,2,0.5509579979150884,0.6900871404419715,0.24728836523048514,0.6974290339778187,0.6827452469061243
team_plus_starter_bullpen,2,0.5484865738878719,0.6904784846482908,0.2474462607013699,0.697866909266107,0.6830900600304746
