feature_set,test_season,games,accuracy,log_loss,brier
team_only,2024,2429,0.5574310415808975,0.6821386272978898,0.2445375259353129
team_only,2025,2428,0.5597199341021417,0.6810981661047675,0.24406753806564516
