feature_set,seasons_tested,avg_accuracy,avg_log_loss,avg_brier,worst_log_loss,best_log_loss
team_only,2,0.5585754878415197,0.6816183967013286,0.24430253200047902,0.6821386272978898,0.6810981661047675
team_plus_environment,2,0.5464292157571573,0.6873820381190363,0.24714113095581097,0.6921007747946473,0.6826633014434252
team_plus_starter,2,0.5509579979150884,0.6900871404419715,0.24728836523048514,0.6974290339778187,0.6827452469061243
environment_only,2,0.5322263485627743,0.6940722082484589,0.2503951965557941,0.7012959144536981,0.6868485020432197
team_plus_starter_environment,2,0.5449888022474181,0.6948517703171864,0.24958194674984868,0.7054293523383544,0.6842741882960184
