feature_set,seasons_tested,avg_accuracy,avg_log_loss,avg_brier,worst_log_loss,best_log_loss
team_only,2,0.5585754878415197,0.6816183967013286,0.24430253200047902,0.6821386272978898,0.6810981661047675
team_plus_home_road,2,0.5468419251724257,0.687242250898116,0.2469059419990789,0.6922078526169373,0.6822766491792948
home_road_only,2,0.5480755600741453,0.6883244864158744,0.2472863419126491,0.6895386934547487,0.6871102793770001
team_plus_starter,2,0.5509579979150884,0.6900871404419715,0.24728836523048514,0.6974290339778187,0.6827452469061243
team_plus_starter_home_road,2,0.5464281983962322,0.6948464645304719,0.24938729801855908,0.7055954088960129,0.6840975201649311
