feature_set,seasons_tested,avg_accuracy,avg_log_loss,avg_brier,worst_log_loss,best_log_loss
team_only,2,0.5585754878415197,0.6816183967013286,0.24430253200047902,0.6821386272978898,0.6810981661047675
team_plus_lineup,2,0.5589840430330106,0.6817389175574022,0.244378678745296,0.6818206317033727,0.6816572034114318
lineup_only,2,0.5515737556149845,0.6861949496624944,0.2465385106514205,0.686981529285005,0.6854083700399839
team_plus_starter,2,0.5509579979150884,0.6900871404419715,0.24728836523048514,0.6974290339778187,0.6827452469061243
team_plus_starter_lineup,2,0.557544222983811,0.6910702779712812,0.2475989460323717,0.6985684667698725,0.6835720891726897
