feature_set,seasons_tested,avg_accuracy,avg_log_loss,avg_brier,worst_log_loss,best_log_loss
team_only,2,0.5585754878415197,0.6816183967013286,0.24430253200047902,0.6821386272978898,0.6810981661047675
team_plus_lineup_delta,2,0.5528097643588625,0.682427674302853,0.24472214279762738,0.6833507895316816,0.6815045590740243
team_plus_starter,2,0.5509579979150884,0.6900871404419715,0.24728836523048514,0.6974290339778187,0.6827452469061243
lineup_delta_only,2,0.5320162635317481,0.6901264989396274,0.24849303774365095,0.6910209934965119,0.689232004382743
team_plus_starter_lineup_delta,2,0.5493111449176378,0.6919000614262438,0.24800999019563855,0.7006775364571921,0.6831225863952954
