feature_set,seasons_tested,avg_accuracy,avg_log_loss,avg_brier,worst_log_loss,best_log_loss
team_only,2,0.5585754878415197,0.6816183967013286,0.24430253200047902,0.6821386272978898,0.6810981661047675
opponent_adjusted_only,2,0.5488978420418298,0.6869695985674423,0.24660731743566908,0.688815096066654,0.6851241010682306
team_plus_opponent_adjusted,2,0.5453989682603739,0.6890039253118545,0.2470602002028279,0.6960989043319286,0.6819089462917803
team_plus_starter,2,0.5509579979150884,0.6900871404419715,0.24728836523048514,0.6974290339778187,0.6827452469061243
team_plus_starter_opponent_adjusted,2,0.5435465235759829,0.697306351886475,0.2497463987872805,0.7112509687717339,0.6833617350012163
