feature_set,seasons_tested,avg_accuracy,avg_log_loss,avg_brier,worst_log_loss,best_log_loss
team_only,2,0.5585754878415197,0.6816183967013286,0.24430253200047902,0.6821386272978898,0.6810981661047675
team_plus_team_vs_hand,2,0.5573397334378728,0.6824577264281095,0.2447081274373915,0.6839749551011405,0.6809404977550787
team_plus_lineup_platoon,2,0.5486942850767396,0.6834474462827405,0.24522804344668317,0.6865392767693466,0.6803556157961342
team_plus_platoon_all,2,0.545604220827006,0.6846002722286135,0.24576554695245278,0.6881750743177254,0.6810254701395018
team_vs_hand_only,2,0.544574482010685,0.6876279846511697,0.2470814576653184,0.6881258322516624,0.6871301370506769
team_plus_starter,2,0.5509579979150884,0.6900871404419715,0.24728836523048514,0.6974290339778187,0.6827452469061243
platoon_all_only,2,0.5396328208773313,0.6901900923775828,0.24832354884162983,0.6921680442074729,0.6882121405476926
lineup_platoon_only,2,0.5159613755533595,0.6935894548835944,0.2502292401198796,0.697429419401703,0.6897494903654856
team_plus_starter_platoon_all,2,0.550958591375628,0.6942131067262511,0.24888072586183568,0.7058895587865313,0.6825366546659711
