feature_set,seasons_tested,avg_accuracy,avg_log_loss,avg_brier,worst_log_loss,best_log_loss
team_only,2,0.5585754878415197,0.6816183967013286,0.24430253200047902,0.6821386272978898,0.6810981661047675
team_plus_schedule_spot,2,0.5513695204092776,0.6828598539190943,0.24490514348847844,0.6833761216095704,0.6823435862286182
team_plus_starter,2,0.5509579979150884,0.6900871404419715,0.24728836523048514,0.6974290339778187,0.6827452469061243
team_plus_starter_schedule_spot,2,0.552398750545136,0.6911220080266032,0.24787393825195403,0.6968568563964332,0.6853871596567731
schedule_spot_only,2,0.5276948534423763,0.6924717486218961,0.24965754117064426,0.6929150273120228,0.6920284699317693
